Div,Date,Time,HomeTeam,AwayTeam,FTHG,FTAG,FTR,HTHG,HTAG,HTR,Referee,HS,AS,HST,AST,HF,AF,HC,AC,HY,AY,HR,AR,B365H,B365D,B365A,BWH,BWD,BWA,IWH,IWD,IWA,PSH,PSD,PSA,WHH,WHD,WHA,VCH,VCD,VCA,MaxH,MaxD,MaxA,AvgH,AvgD,AvgA,B365>2.5,B365<2.5,P>2.5,P<2.5,Max>2.5,Max<2.5,Avg>2.5,Avg<2.5,AHh,B365AHH,B365AHA,PAHH,PAHA,MaxAHH,MaxAHA,AvgAHH,AvgAHA,B365CH,B365CD,B365CA,BWCH,BWCD,BWCA,IWCH,IWCD,IWCA,PSCH,PSCD,PSCA,WHCH,WHCD,WHCA,VCCH,VCCD,VCCA,MaxCH,MaxCD,MaxCA,AvgCH,AvgCD,AvgCA,B365C>2.5,B365C<2.5,PC>2.5,PC<2.5,MaxC>2.5,MaxC<2.5,AvgC>2.5,AvgC<2.5,AHCh,B365CAHH,B365CAHA,PCAHH,PCAHA,MaxCAHH,MaxCAHA,AvgCAHH,AvgCAHA
E0,09/08/2019,20:00,Liverpool,Norwich,4,1,H,4,0,H,M Oliver,15,12,7,5,9,9,11,2,0,2,0,0,1.14,10,19,1.14,8.25,18.5,1.15,8,18,1.15,9.59,18.05,1.12,8.5,21,1.14,9.5,23,1.16,10,23,1.14,8.75,19.83,1.4,3,1.4,3.11,1.45,3.11,1.41,2.92,-2.25,1.96,1.94,1.97,1.95,1.97,2,1.94,1.94,1.14,9.5,21,1.14,9,20,1.15,8,18,1.14,10.43,19.63,1.11,9.5,21,1.14,9.5,23,1.16,10.5,23,1.14,9.52,19.18,1.3,3.5,1.34,3.44,1.36,3.76,1.32,3.43,-2.25,1.91,1.99,1.94,1.98,1.99,2.07,1.9,1.99
E0,10/08/2019,12:30,West Ham,Man City,0,5,A,0,1,A,M Dean,5,14,3,9,6,13,1,1,2,2,0,0,12,6.5,1.22,11.5,5.75,1.26,11,6.1,1.25,11.68,6.53,1.26,13,6,1.24,12,6.5,1.25,13,6.75,1.29,11.84,6.28,1.25,1.44,2.75,1.49,2.77,1.51,2.77,1.48,2.65,1.75,2,1.9,2.02,1.9,2.02,1.92,1.99,1.89,12,7,1.25,11,6,1.26,11,6.1,1.25,11.11,6.68,1.27,11,6.5,1.24,12,6.5,1.25,13,7,1.29,11.14,6.46,1.26,1.4,3,1.43,3.03,1.5,3.22,1.41,2.91,1.75,1.95,1.95,1.96,1.97,2.07,1.98,1.97,1.92
E0,10/08/2019,15:00,Bournemouth,Sheffield United,1,1,D,0,0,D,K Friend,13,8,3,3,10,19,3,4,2,1,0,0,1.95,3.6,3.6,1.95,3.6,3.9,1.97,3.55,3.8,2.04,3.57,3.9,2,3.5,3.8,2,3.6,4,2.06,3.65,4,2.01,3.53,3.83,1.9,1.9,1.96,1.96,2,1.99,1.9,1.93,-0.5,2.01,1.89,2.04,1.88,2.04,1.91,2,1.88,1.95,3.7,4.2,1.95,3.6,3.9,1.97,3.55,3.85,1.98,3.67,4.06,1.95,3.6,3.9,2,3.6,4,2.03,3.7,4.2,1.98,3.58,3.96,1.9,1.9,1.94,1.97,1.97,1.98,1.91,1.92,-0.5,1.95,1.95,1.98,1.95,2,1.96,1.96,1.92
E0,10/08/2019,15:00,Burnley,Southampton,3,0,H,0,0,D,G Scott,10,11,4,3,6,12,2,7,0,0,0,0,2.62,3.2,2.75,2.65,3.2,2.75,2.65,3.2,2.75,2.71,3.31,2.81,2.7,3.2,2.75,2.7,3.3,2.8,2.8,3.33,2.85,2.68,3.22,2.78,2.1,1.72,2.17,1.77,2.2,1.78,2.12,1.73,0,1.92,1.98,1.93,2,1.94,2,1.91,1.98,2.7,3.25,2.9,2.65,3.1,2.85,2.6,3.2,2.85,2.71,3.19,2.9,2.62,3.2,2.8,2.7,3.25,2.9,2.72,3.26,2.95,2.65,3.18,2.88,2.1,1.72,2.19,1.76,2.25,1.78,2.17,1.71,0,1.87,2.03,1.89,2.03,1.9,2.07,1.86,2.02
E0,10/08/2019,15:00,Crystal Palace,Everton,0,0,D,0,0,D,J Moss,6,10,2,3,16,14,6,2,2,1,0,1,3,3.25,2.37,3.2,3.2,2.35,3.1,3.2,2.4,3.21,3.37,2.39,3.1,3.3,2.35,3.2,3.3,2.45,3.21,3.4,2.52,3.13,3.27,2.4,2.2,1.66,2.23,1.74,2.25,1.74,2.18,1.7,0.25,1.85,2.05,1.88,2.05,1.88,2.09,1.84,2.04,3.4,3.5,2.25,3.3,3.3,2.25,3.4,3.3,2.2,3.37,3.45,2.27,3.3,3.3,2.25,3.4,3.3,2.25,3.55,3.5,2.34,3.41,3.37,2.23,2.2,1.66,2.22,1.74,2.28,1.77,2.17,1.71,0.25,1.82,2.08,1.97,1.96,2.03,2.08,1.96,1.93
E0,10/08/2019,15:00,Watford,Brighton,0,3,A,0,1,A,C Pawson,11,5,3,3,15,11,5,2,0,1,0,0,1.9,3.4,4,1.9,3.4,4.33,1.93,3.4,4.25,1.98,3.44,4.37,1.95,3.4,4.2,1.95,3.5,4.33,2,3.5,4.6,1.94,3.41,4.26,2.1,1.72,2.19,1.76,2.24,1.76,2.16,1.71,-0.5,1.95,1.95,1.98,1.95,1.98,1.98,1.94,1.94,2.1,3.25,4.2,2.1,3.1,4,2.05,3.2,4,2.05,3.38,4.12,2.05,3.25,4,2.15,3.3,3.9,2.15,3.38,4.2,2.07,3.27,4.04,2.1,1.72,2.16,1.78,2.2,1.78,2.14,1.73,-0.5,2.04,1.86,2.05,1.88,2.12,1.91,2.05,1.84
E0,10/08/2019,17:30,Tottenham,Aston Villa,3,1,H,0,1,A,C Kavanagh,31,7,7,4,13,9,14,0,1,0,0,0,1.3,5.25,10,1.3,5.5,10,1.3,5.5,9.6,1.3,5.84,10.96,1.29,5.5,10,1.3,5.5,12,1.33,5.95,12,1.3,5.53,10.51,1.66,2.2,1.64,2.4,1.7,2.4,1.65,2.26,-1.5,1.97,1.93,1.99,1.93,2,2,1.93,1.94,1.36,5.5,9,1.35,5,9,1.3,5.5,9.6,1.39,5.35,8.42,1.35,5.25,8,1.4,5.2,9,1.4,5.7,10,1.36,5.29,8.82,1.57,2.37,1.58,2.52,1.65,2.55,1.58,2.4,-1.5,2.1,1.7,2.18,1.77,2.21,1.87,2.08,1.8
E0,11/08/2019,14:00,Leicester,Wolves,0,0,D,0,0,D,A Marriner,15,8,1,2,3,13,12,3,0,2,0,0,2.2,3.2,3.4,2.25,3.3,3.3,2.2,3.25,3.45,2.21,3.34,3.66,2.2,3.25,3.5,2.25,3.3,3.6,2.29,3.38,3.66,2.22,3.28,3.48,2.2,1.66,2.23,1.74,2.25,1.74,2.17,1.7,-0.25,1.9,2,1.9,2.04,1.95,2.04,1.91,1.98,2.4,3.25,3.3,2.35,3.2,3.3,2.35,3.15,3.2,2.5,3.12,3.3,2.35,3.1,3.3,2.45,3.2,3.3,2.55,3.25,3.58,2.41,3.14,3.29,2.3,1.61,2.45,1.63,2.45,1.71,2.33,1.62,-0.25,2.07,1.83,2.11,1.83,2.12,1.98,2.06,1.84
E0,11/08/2019,14:00,Newcastle,Arsenal,0,1,A,0,0,D,M Atkinson,9,8,2,2,12,7,5,3,1,3,0,0,4.5,3.75,1.72,4.5,3.75,1.78,4.4,3.85,1.77,4.58,3.93,1.81,4.5,3.75,1.78,4.6,3.9,1.8,4.7,4,1.83,4.49,3.82,1.79,1.8,2,1.83,2.1,1.83,2.14,1.77,2.07,0.75,1.85,2.05,1.86,2.07,1.88,2.08,1.85,2.03,3.4,3.6,2.2,3.3,3.5,2.2,3.25,3.5,2.2,3.36,3.56,2.25,3.5,3.4,2.15,3.4,3.5,2.25,3.76,3.65,2.25,3.36,3.51,2.2,1.8,2,1.83,2.09,1.85,2.17,1.79,2.05,0.25,1.99,1.91,1.99,1.95,2.17,1.97,2,1.89
E0,11/08/2019,16:30,Man United,Chelsea,4,0,H,1,0,H,A Taylor,11,18,5,7,15,13,3,5,3,4,0,0,2.1,3.3,3.5,2.15,3.3,3.5,2.15,3.35,3.4,2.21,3.37,3.63,2.15,3.3,3.5,2.25,3.3,3.5,2.28,3.43,3.63,2.19,3.32,3.49,2,1.8,2.05,1.87,2.1,1.87,2.01,1.83,-0.25,1.9,2,1.9,2.04,1.92,2.04,1.89,2,2.05,3.5,4,2.1,3.3,3.8,2.05,3.3,3.85,2.04,3.44,4.14,2,3.4,4,2.05,3.4,4.1,2.2,3.5,4.4,2.05,3.36,3.99,2,1.8,2.05,1.88,2.07,2.04,1.99,1.84,-0.5,2.02,1.88,2.04,1.9,2.1,1.91,2.04,1.85
E0,17/08/2019,12:30,Arsenal,Burnley,2,1,H,1,1,D,M Dean,16,18,9,5,13,11,10,7,2,1,0,0,1.3,5.5,10,1.3,5.5,10,1.3,5.6,9.5,1.34,5.68,9.35,1.32,5.25,10,1.33,5.5,10.5,1.36,5.75,11,1.33,5.49,9.48,1.57,2.37,1.61,2.47,1.65,2.47,1.6,2.34,-1.5,2.02,1.91,2.05,1.88,2.06,1.95,1.98,1.9,1.33,5.25,9,1.33,5.5,9.25,1.3,5.6,9.5,1.38,5.35,8.78,1.33,5.25,9.5,1.36,5.4,9.5,1.4,5.6,10,1.36,5.27,8.77,1.61,2.3,1.63,2.42,1.65,2.47,1.61,2.35,-1.5,2.11,1.82,2.11,1.82,2.16,1.94,2.05,1.84
E0,17/08/2019,15:00,Aston Villa,Bournemouth,1,2,A,0,2,A,M Atkinson,22,12,7,4,10,13,10,5,0,2,0,0,2.3,3.4,3.1,2.25,3.5,3.1,2.3,3.45,3.05,2.32,3.56,3.17,2.25,3.5,3.1,2.38,3.5,3.2,2.42,3.64,3.2,2.33,3.49,3.08,1.8,2,1.81,2.11,1.86,2.11,1.81,2.03,-0.25,2.02,1.91,2.02,1.91,2.03,1.92,2.01,1.88,2.2,3.6,3.1,2.25,3.6,3.1,2.25,3.6,3.05,2.3,3.69,3.11,2.25,3.5,3.1,2.3,3.7,3.13,2.33,3.75,3.22,2.26,3.62,3.12,1.61,2.3,1.64,2.39,1.75,2.39,1.66,2.26,-0.25,2.01,1.92,2.01,1.92,2.01,1.96,1.97,1.92
E0,17/08/2019,15:00,Brighton,West Ham,1,1,D,0,0,D,A Taylor,16,8,4,3,11,10,8,6,0,2,0,0,2.55,3.25,2.87,2.5,3.3,2.9,2.5,3.3,2.85,2.58,3.38,2.92,2.5,3.3,2.88,2.55,3.4,3,2.65,3.42,3,2.52,3.33,2.9,1.9,1.9,1.99,1.93,2,1.94,1.95,1.87,-0.25,2.07,1.72,2.21,1.75,2.21,1.8,2.16,1.75,2.2,3.4,3.3,2.25,3.3,3.4,2.2,3.4,3.3,2.22,3.6,3.34,2.1,3.5,3.5,2.25,3.4,3.5,2.3,3.6,3.74,2.23,3.44,3.34,1.9,1.9,1.95,1.97,2,2.12,1.92,1.91,-0.25,1.91,2.02,1.93,2,1.96,2.15,1.91,1.98
E0,17/08/2019,15:00,Everton,Watford,1,0,H,1,0,H,L Mason,12,8,2,2,11,11,4,7,2,3,0,0,1.72,3.8,4.75,1.67,4,5,1.7,3.9,4.65,1.76,3.95,4.87,1.73,3.8,4.8,1.73,4,5.2,1.8,4.05,5.2,1.73,3.9,4.86,1.72,2.1,1.86,2.06,1.86,2.2,1.79,2.05,-0.75,1.97,1.96,2,1.93,2,1.97,1.94,1.95,1.8,3.6,4.5,1.83,3.75,4.5,1.83,3.65,4.35,1.85,3.66,4.64,1.78,3.7,4.5,1.85,3.75,4.6,1.89,3.88,4.84,1.83,3.69,4.56,1.72,2.1,1.81,2.12,1.82,2.14,1.78,2.07,-0.75,2.11,1.82,2.12,1.81,2.16,1.87,2.07,1.83
E0,17/08/2019,15:00,Norwich,Newcastle,3,1,H,1,0,H,S Attwell,15,10,8,3,9,11,7,5,1,3,0,0,2.25,3.3,3.3,2.25,3.3,3.3,2.2,3.35,3.35,2.25,3.42,3.44,2.15,3.4,3.4,2.25,3.4,3.5,2.3,3.5,3.5,2.23,3.38,3.38,1.9,1.9,1.98,1.93,2.05,1.93,1.95,1.88,-0.25,1.93,2,1.94,1.99,1.95,2.01,1.92,1.97,2.1,3.4,3.5,2.15,3.4,3.5,2.15,3.35,3.5,2.14,3.57,3.58,2.1,3.4,3.6,2.2,3.4,3.7,2.25,3.6,3.86,2.15,3.44,3.55,1.9,1.9,1.96,1.96,2,2.1,1.93,1.9,-0.25,1.84,2.09,1.85,2.08,1.88,2.15,1.84,2.05
E0,17/08/2019,15:00,Southampton,Liverpool,1,2,A,0,1,A,A Marriner,14,15,3,6,10,6,5,9,2,1,0,0,6.5,4.75,1.44,6.25,4.75,1.48,7.5,4.8,1.4,7.04,4.72,1.48,7,4.6,1.44,7.5,4.8,1.45,7.5,4.9,1.52,6.77,4.67,1.47,1.66,2.2,1.65,2.37,1.7,2.38,1.64,2.28,1.25,1.86,2.07,1.85,2.08,1.87,2.09,1.84,2.04,6.5,4.5,1.45,6.5,4.5,1.5,7,4.5,1.45,6.43,4.57,1.53,7,4.4,1.47,7,4.6,1.5,7.4,4.85,1.55,6.48,4.56,1.5,1.61,2.3,1.66,2.36,1.68,2.44,1.63,2.32,1,2.07,1.86,2.05,1.88,2.21,1.9,2.08,1.81
E0,17/08/2019,17:30,Man City,Tottenham,2,2,D,2,1,H,M Oliver,30,3,10,2,14,4,13,2,1,0,0,0,1.36,5.25,8,1.35,5.5,7.75,1.35,5.3,8,1.37,5.42,8.71,1.35,5.25,8.5,1.36,5.5,9,1.4,5.5,9,1.36,5.32,8.46,1.53,2.5,1.55,2.61,1.56,2.69,1.52,2.55,-1.5,2.03,1.9,2.04,1.89,2.04,1.91,2,1.87,1.33,5.5,8,1.36,5.5,8.25,1.35,5.3,8,1.37,5.63,8.39,1.35,5.25,8.5,1.36,5.5,9,1.4,5.7,9.05,1.36,5.47,8.2,1.5,2.62,1.52,2.71,1.55,2.92,1.5,2.62,-1.5,2.05,1.88,2.04,1.89,2.07,1.97,2,1.88
E0,18/08/2019,14:00,Sheffield United,Crystal Palace,1,0,H,0,0,D,D Coote,15,6,3,4,16,11,8,4,3,1,0,0,2.55,3.1,2.9,2.55,3.2,2.9,2.55,3.1,2.95,2.6,3.21,3.02,2.55,3.2,2.9,2.63,3.2,3,2.65,3.35,3.1,2.57,3.19,2.95,2.3,1.61,2.41,1.63,2.45,1.66,2.37,1.6,-0.25,2.15,1.67,2.21,1.75,2.25,1.76,2.19,1.73,2.45,3.3,2.9,2.5,3.25,3,2.45,3.15,3,2.51,3.33,3.08,2.5,3.1,3.1,2.55,3.25,3.1,2.6,3.33,3.1,2.51,3.24,3.01,2.1,1.72,2.13,1.8,2.2,1.87,2.1,1.76,-0.25,2.02,1.77,2.14,1.81,2.18,1.84,2.13,1.78
E0,18/08/2019,16:30,Chelsea,Leicester,1,1,D,1,0,H,O Langford,14,12,5,3,9,14,4,5,1,0,0,0,1.7,3.75,5,1.72,3.7,5,1.73,3.75,4.9,1.74,3.79,5.28,1.7,3.7,5.25,1.73,3.8,5.25,1.77,4,5.35,1.73,3.77,5.07,1.9,1.9,2.01,1.91,2.02,1.92,1.96,1.86,-0.75,1.97,1.96,1.99,1.94,1.99,1.97,1.95,1.94,1.7,3.75,5,1.72,3.8,5,1.7,3.8,5,1.73,3.9,5.23,1.7,3.7,5.25,1.75,3.8,5,1.8,4,5.7,1.73,3.84,5,1.8,2,1.83,2.1,1.87,2.17,1.82,2.01,-0.75,1.93,1.97,1.96,1.98,2.01,2.06,1.94,1.96
E0,19/08/2019,20:00,Wolves,Man United,1,1,D,0,1,A,J Moss,6,9,2,2,17,8,4,6,2,2,0,0,3.3,3.3,2.25,3.3,3.25,2.3,3.25,3.3,2.25,3.4,3.29,2.33,3.3,3.25,2.3,3.4,3.3,2.3,3.41,3.4,2.35,3.32,3.28,2.3,2.1,1.72,2.18,1.76,2.19,1.78,2.12,1.74,0.25,1.93,2,1.93,2,1.95,2.02,1.92,1.97,2.87,3.3,2.45,3,3.3,2.45,3.1,3.3,2.35,2.98,3.32,2.56,3,3.25,2.45,3,3.4,2.55,3.24,3.4,2.61,3,3.29,2.49,2.1,1.72,2.17,1.78,2.21,1.83,2.12,1.74,0.25,1.75,2.2,1.77,2.19,1.89,2.25,1.77,2.15
E0,23/08/2019,20:00,Aston Villa,Everton,2,0,H,1,0,H,M Oliver,7,12,3,1,10,18,0,6,2,3,0,0,3.25,3.5,2.15,3.1,3.5,2.25,3.1,3.5,2.25,3.22,3.54,2.31,3.1,3.5,2.25,3.25,3.6,2.3,3.26,3.72,2.35,3.16,3.5,2.27,1.72,2.1,1.85,2.07,1.85,2.22,1.79,2.05,0.25,1.93,2,1.93,2,1.98,2.01,1.92,1.97,3,3.4,2.37,3,3.4,2.4,2.9,3.4,2.4,3.1,3.41,2.43,3.1,3.3,2.35,3,3.5,2.5,3.26,3.72,2.5,3.02,3.4,2.42,1.8,2,1.88,2.04,1.9,2.22,1.84,2,0.25,1.86,2.07,1.84,2.09,1.98,2.14,1.83,2.08
E0,24/08/2019,12:30,Norwich,Chelsea,2,3,A,2,2,D,M Atkinson,6,23,5,8,9,9,1,8,1,1,0,0,4.33,3.75,1.8,4.33,3.8,1.8,4.05,3.95,1.8,4.13,4.07,1.85,4.2,3.9,1.8,4.4,4,1.83,4.4,4.07,1.87,4.18,3.92,1.83,1.53,2.5,1.57,2.55,1.59,2.55,1.56,2.44,0.75,1.86,2.07,1.84,2.09,1.88,2.09,1.84,2.05,4.33,3.75,1.8,4.2,3.9,1.8,4.2,3.8,1.8,4.17,3.91,1.89,4.33,3.75,1.8,4.2,3.9,1.9,4.66,4.2,1.9,4.16,3.89,1.85,1.57,2.37,1.6,2.5,1.61,2.53,1.57,2.42,0.5,1.97,1.82,2.04,1.89,2.09,1.9,2.03,1.86
E0,24/08/2019,15:00,Brighton,Southampton,0,2,A,0,0,D,K Friend,12,12,3,4,9,10,8,5,1,3,1,0,2.4,3.3,3,2.4,3.2,3.1,2.4,3.25,3.05,2.45,3.28,3.18,2.4,3.2,3.1,2.45,3.3,3.2,2.55,3.4,3.2,2.43,3.25,3.08,2.1,1.72,2.14,1.79,2.2,1.81,2.1,1.75,-0.25,2.08,1.85,2.1,1.83,2.11,1.85,2.08,1.82,2.3,3.25,3.3,2.4,3.3,3.1,2.25,3.3,3.25,2.33,3.26,3.44,2.3,3.25,3.25,2.38,3.3,3.4,2.45,3.36,3.44,2.36,3.29,3.23,2,1.8,2.17,1.77,2.24,1.82,2.09,1.77,-0.25,2.02,1.91,1.99,1.93,2.06,1.94,2.01,1.88
E0,24/08/2019,15:00,Man United,Crystal Palace,1,2,A,0,1,A,P Tierney,22,5,3,3,8,18,8,1,2,4,0,0,1.33,5.25,9,1.36,5,8.5,1.36,4.95,8.6,1.36,5.26,9.59,1.33,5,10,1.36,5.2,10.5,1.39,5.3,10.75,1.36,5.06,9.16,1.72,2.1,1.8,2.13,1.8,2.16,1.76,2.09,-1.5,2.05,1.75,2.1,1.83,2.13,1.87,2.07,1.81,1.33,5.25,9,1.35,5.25,9,1.3,5.5,9.6,1.37,5.33,9.23,1.32,5.25,9.5,1.33,5.5,10,1.38,5.6,10,1.35,5.28,9.26,1.61,2.3,1.68,2.32,1.75,2.47,1.66,2.25,-1.5,2.02,1.91,2.04,1.88,2.05,2.04,1.99,1.89
E0,24/08/2019,15:00,Sheffield United,Leicester,1,2,A,0,1,A,A Madley,8,10,3,2,11,6,7,4,1,0,0,0,3.3,3.3,2.25,3.5,3.2,2.2,3.4,3.15,2.25,3.52,3.29,2.28,3.5,3.2,2.2,3.6,3.25,2.3,3.6,3.34,2.32,3.45,3.23,2.26,2.3,1.61,2.36,1.66,2.38,1.67,2.3,1.63,0.25,1.99,1.94,1.97,1.95,2,1.95,1.96,1.92,3.25,3.3,2.25,3.3,3.3,2.3,3.2,3.2,2.35,3.19,3.28,2.44,3.3,3.2,2.3,3.25,3.25,2.45,3.64,3.38,2.48,3.23,3.27,2.36,2.2,1.66,2.24,1.72,2.25,1.74,2.19,1.7,0.25,1.84,2.09,1.84,2.09,1.89,2.11,1.85,2.05
E0,24/08/2019,15:00,Watford,West Ham,1,3,A,1,1,D,C Kavanagh,23,16,3,10,12,11,8,7,1,1,0,0,2.05,3.5,3.5,2.1,3.6,3.4,2.1,3.6,3.4,2.16,3.52,3.57,2.1,3.5,3.5,2.15,3.6,3.6,2.2,3.65,3.65,2.13,3.53,3.47,1.72,2.1,1.79,2.14,1.79,2.2,1.73,2.13,-0.25,1.77,2.02,1.87,2.06,1.88,2.11,1.84,2.05,2.15,3.5,3.3,2.2,3.5,3.3,2.2,3.45,3.25,2.16,3.61,3.48,2.15,3.5,3.3,2.25,3.6,3.3,2.28,3.62,3.48,2.21,3.52,3.32,1.66,2.2,1.71,2.27,1.75,2.31,1.69,2.2,-0.25,1.97,1.96,1.88,2.05,1.99,2.05,1.92,1.98
E0,24/08/2019,17:30,Liverpool,Arsenal,3,1,H,1,0,H,A Taylor,25,9,5,3,8,5,6,4,1,1,0,0,1.5,4.6,6,1.48,4.75,6,1.5,4.7,5.7,1.48,4.98,6.47,1.47,4.75,6.5,1.5,4.8,6.5,1.53,5,6.5,1.5,4.76,6.09,1.44,2.75,1.45,2.97,1.47,2.97,1.44,2.79,-1.25,2.03,1.87,2.05,1.88,2.08,1.89,2.03,1.86,1.45,5,6,1.45,5,6.5,1.5,4.7,5.7,1.46,5.12,6.74,1.44,4.8,6.5,1.5,5.2,6.5,1.5,5.2,6.8,1.47,4.96,6.34,1.36,3.2,1.39,3.24,1.41,3.25,1.38,3.08,-1.25,1.96,1.94,1.97,1.97,2.08,2.04,1.96,1.93
E0,25/08/2019,14:00,Bournemouth,Man City,1,3,A,1,2,A,A Marriner,10,19,7,5,7,13,4,5,1,3,0,0,15,7.5,1.16,13.5,7,1.2,15,6.5,1.2,14.88,7.52,1.2,15,7.5,1.18,17,8,1.18,17,8,1.22,14.52,7.28,1.19,1.36,3.2,1.4,3.13,1.4,3.3,1.37,3.08,2,2.06,1.87,2.03,1.88,2.07,1.9,2.01,1.87,17,7.5,1.16,16.5,8,1.17,15,7.5,1.17,17,9.5,1.16,17,8.5,1.14,18,8.5,1.18,19,9.5,1.2,16.35,8.47,1.17,1.3,3.5,1.32,3.68,1.36,3.8,1.31,3.52,2.25,1.92,2.01,1.95,1.99,2.03,2.09,1.91,1.98
E0,25/08/2019,16:30,Tottenham,Newcastle,0,1,A,0,1,A,M Dean,17,8,2,3,10,5,6,6,2,2,0,0,1.2,6.5,14,1.22,6.5,13.5,1.22,6.2,13.5,1.26,6.46,12.01,1.24,6,13,1.25,6.5,13,1.27,6.75,14,1.24,6.26,12.35,1.53,2.5,1.57,2.53,1.59,2.58,1.55,2.47,-1.75,1.98,1.95,2,1.92,2,1.98,1.95,1.93,1.25,6,11,1.28,6,11,1.25,6.1,11,1.28,6.21,11.48,1.27,5.8,11,1.3,6,12,1.3,6.35,13,1.28,6.02,10.99,1.57,2.37,1.6,2.5,1.65,2.55,1.59,2.4,-1.5,1.93,2,1.93,2.01,1.94,2.07,1.87,2.02
E0,25/08/2019,16:30,Wolves,Burnley,1,1,D,0,1,A,C Pawson,17,13,2,4,9,11,4,3,0,2,0,0,1.85,3.4,4.5,1.83,3.5,4.6,1.85,3.4,4.7,1.83,3.52,5.06,1.83,3.4,4.8,1.83,3.5,5,1.9,3.55,5.06,1.85,3.43,4.78,2.3,1.61,2.35,1.66,2.38,1.67,2.29,1.63,-0.5,1.86,2.07,1.83,2.1,1.87,2.1,1.84,2.05,1.75,3.4,5.25,1.8,3.4,5.25,1.75,3.6,5,1.78,3.51,5.6,1.75,3.5,5.25,1.8,3.5,5.5,1.85,3.6,5.6,1.79,3.48,5.21,2.2,1.66,2.29,1.69,2.35,1.75,2.23,1.67,-0.75,2.05,1.88,2.04,1.89,2.07,1.9,2.04,1.86
E0,31/08/2019,12:30,Southampton,Man United,1,1,D,0,1,A,M Dean,10,21,2,8,17,7,2,3,1,2,1,0,3.8,3.3,2.05,3.7,3.4,2.05,3.65,3.35,2.1,3.83,3.41,2.12,3.75,3.3,2.1,3.8,3.4,2.15,3.9,3.48,2.15,3.75,3.38,2.1,1.9,1.9,1.92,2,1.94,2.05,1.9,1.94,0.25,2.05,1.75,2.12,1.81,2.15,1.83,2.1,1.8,4,3.5,1.9,4,3.6,1.95,3.9,3.5,1.95,4.12,3.59,1.99,4.2,3.4,1.95,4.1,3.6,2,4.56,3.65,2.04,4.06,3.52,1.97,1.9,1.9,1.99,1.93,2.01,2.08,1.92,1.91,0.5,1.94,1.99,1.94,1.99,1.95,2,1.92,1.97
E0,31/08/2019,15:00,Chelsea,Sheffield United,2,2,D,2,0,H,S Attwell,13,8,5,2,6,11,3,4,0,1,0,0,1.36,4.75,9,1.34,5,9.5,1.35,5.3,8,1.36,5.12,10.23,1.35,4.8,9,1.4,5,10,1.4,5.3,10.75,1.36,4.98,9.53,1.72,2.1,1.76,2.18,1.77,2.2,1.73,2.13,-1.5,2.05,1.75,2.15,1.79,2.19,1.82,2.11,1.79,1.36,4.75,8,1.36,5,9.5,1.35,5.3,8,1.44,4.65,8.21,1.38,4.6,8.5,1.44,4.8,8.5,1.46,5.3,9.5,1.41,4.78,8.32,1.72,2.1,1.75,2.2,1.75,2.32,1.7,2.18,-1.25,2.01,1.92,2.06,1.86,2.11,2.05,1.97,1.92
E0,31/08/2019,15:00,Crystal Palace,Aston Villa,1,0,H,0,0,D,K Friend,22,10,5,2,15,16,13,2,2,4,0,1,2.15,3.3,3.5,2.2,3.3,3.4,2.2,3.4,3.35,2.22,3.44,3.5,2.2,3.3,3.4,2.2,3.4,3.6,2.27,3.46,3.6,2.21,3.38,3.43,1.9,1.9,2.03,1.89,2.03,1.92,1.97,1.86,-0.25,1.91,2.02,1.92,2.01,1.92,2.03,1.89,2,2.2,3.4,3.3,2.3,3.4,3.2,2.25,3.45,3.15,2.29,3.39,3.4,2.25,3.3,3.3,2.3,3.4,3.4,2.34,3.49,3.42,2.27,3.4,3.29,1.9,1.9,1.92,2,1.95,2.05,1.87,1.95,-0.25,1.96,1.97,1.97,1.96,1.98,1.98,1.95,1.94
E0,31/08/2019,15:00,Leicester,Bournemouth,3,1,H,2,1,H,P Bankes,13,8,5,2,9,11,4,5,1,3,0,0,1.7,4,4.75,1.7,4,4.75,1.73,4.05,4.5,1.71,4.12,4.95,1.7,3.9,4.8,1.73,4.1,5,1.77,4.12,5,1.72,4.02,4.81,1.66,2.2,1.67,2.33,1.7,2.33,1.65,2.26,-0.75,1.93,2,1.93,2,1.95,2.01,1.91,1.98,1.61,4,5.25,1.65,4.2,5,1.75,3.8,4.6,1.68,4.03,5.4,1.65,3.9,5.25,1.7,4,5.4,1.75,4.2,5.9,1.67,4.03,5.16,1.72,2.1,1.81,2.11,1.82,2.3,1.72,2.14,-0.75,1.87,2.06,1.88,2.04,1.9,2.08,1.86,2.03
E0,31/08/2019,15:00,Man City,Brighton,4,0,H,2,0,H,J Moss,15,6,6,2,10,6,8,1,1,1,0,0,1.08,10,26,1.07,11.5,31,1.08,10.5,29,1.08,13.01,34.71,1.07,11,34,1.1,12,34,1.1,13.01,36,1.09,11.73,30.92,1.3,3.5,1.3,3.82,1.32,3.82,1.3,3.53,-2.75,1.97,1.96,1.95,1.97,1.98,1.98,1.95,1.94,1.08,11,26,1.09,11,29,1.1,9.1,28,1.09,13.06,35.17,1.07,11,34,1.09,11.5,36,1.1,13.06,38,1.09,11.5,31.01,1.33,3.4,1.35,3.38,1.36,3.55,1.33,3.31,-2.5,1.98,1.95,1.96,1.96,2,2.05,1.94,1.95
E0,31/08/2019,15:00,Newcastle,Watford,1,1,D,1,1,D,G Scott,13,13,5,3,5,11,6,5,2,3,0,0,2.5,3.25,2.87,2.5,3.3,2.85,2.6,3.25,2.8,2.73,3.22,2.86,2.62,3.2,2.8,2.7,3.3,2.88,2.73,3.32,3,2.63,3.24,2.86,2,1.8,2.12,1.81,2.2,1.83,2.08,1.77,0,1.9,2.03,1.92,2.01,1.92,2.04,1.88,2.01,2.55,3.1,2.9,2.6,3.2,2.9,2.45,3.25,2.95,2.53,3.21,3.13,2.5,3.2,3,2.55,3.25,3.1,2.63,3.28,3.28,2.53,3.19,3.01,2.1,1.72,2.14,1.79,2.2,1.81,2.09,1.76,-0.25,2.07,1.72,2.15,1.79,2.2,1.82,2.15,1.77
E0,31/08/2019,15:00,West Ham,Norwich,2,0,H,1,0,H,P Tierney,18,8,8,3,16,10,8,2,2,1,0,0,1.85,3.9,3.9,1.87,3.8,4,1.87,3.95,3.75,1.91,3.93,4.04,1.88,3.8,3.9,1.91,4,4,1.94,4.03,4.1,1.89,3.91,3.92,1.44,2.75,1.51,2.74,1.53,2.79,1.48,2.64,-0.5,1.9,2.03,1.91,2.02,1.91,2.04,1.89,2,1.85,4,3.75,1.87,4,3.9,1.9,4,3.6,1.93,4.12,3.8,1.85,4,3.8,1.9,4.1,4,1.96,4.2,4.22,1.9,4,3.81,1.4,3,1.43,3.06,1.48,3.1,1.43,2.85,-0.5,1.92,2.01,1.93,2,1.93,2.04,1.9,1.99
E0,31/08/2019,17:30,Burnley,Liverpool,0,3,A,0,2,A,C Kavanagh,7,15,2,7,10,16,6,4,0,0,0,0,9.5,5.5,1.3,9.75,5.5,1.3,8.4,5.5,1.33,10.24,5.37,1.34,10,5.25,1.32,11,5.5,1.33,11,5.7,1.37,9.45,5.43,1.33,1.61,2.3,1.65,2.39,1.65,2.4,1.61,2.33,1.5,1.9,2.03,1.88,2.04,1.92,2.05,1.89,2,8.5,5.25,1.33,8.75,5.25,1.36,8.4,5.5,1.33,9.22,5.77,1.34,9.5,5.25,1.32,10,5.4,1.36,10,6.05,1.38,8.83,5.43,1.35,1.53,2.5,1.54,2.65,1.6,2.66,1.55,2.49,1.5,1.9,2.03,1.92,2.02,1.96,2.05,1.89,2
E0,01/09/2019,14:00,Everton,Wolves,3,2,H,2,1,H,A Taylor,15,8,6,5,12,12,7,7,1,4,0,1,2.2,3.25,3.5,2.15,3.25,3.6,2.1,3.25,3.65,2.17,3.36,3.71,2.15,3.25,3.6,2.15,3.3,3.75,2.22,3.4,3.85,2.17,3.29,3.65,2.2,1.66,2.33,1.68,2.4,1.7,2.25,1.66,-0.25,1.86,2.07,1.86,2.06,1.87,2.08,1.85,2.04,2,3.25,4,2.05,3.25,3.9,2.05,3.25,3.95,2.08,3.29,4.19,2.05,3.25,4,2.1,3.3,4.1,2.15,3.36,4.2,2.07,3.26,4.01,2.3,1.61,2.35,1.66,2.4,1.69,2.3,1.63,-0.5,2.02,1.77,2.08,1.85,2.11,1.86,2.07,1.82
E0,01/09/2019,16:30,Arsenal,Tottenham,2,2,D,1,2,A,M Atkinson,26,13,8,9,13,19,11,6,3,5,0,0,2.37,3.6,2.8,2.4,3.6,2.8,2.35,3.6,2.85,2.38,3.67,3,2.35,3.6,2.9,2.4,3.7,2.9,2.43,3.75,3,2.38,3.63,2.9,1.57,2.37,1.59,2.52,1.6,2.52,1.57,2.4,-0.25,2.1,1.83,2.07,1.85,2.12,1.85,2.07,1.83,2.55,3.6,2.62,2.6,3.6,2.65,2.55,3.6,2.6,2.59,3.7,2.72,2.5,3.6,2.7,2.6,3.75,2.7,2.65,3.75,2.87,2.58,3.63,2.65,1.53,2.5,1.54,2.64,1.57,2.69,1.53,2.53,0,1.95,1.98,1.92,2.02,1.97,2.05,1.92,1.97
E0,14/09/2019,12:30,Liverpool,Newcastle,3,1,H,2,1,H,A Marriner,21,8,9,1,5,4,10,1,0,0,0,0,1.14,8.5,17,1.14,8.25,18.5,1.15,8,17.5,1.16,8.41,20.6,1.14,8,21,1.15,8.5,20,1.18,9.15,23,1.15,8.27,19.45,1.4,3,1.44,2.98,1.45,3.05,1.42,2.89,-2.25,2.03,1.9,2.04,1.88,2.05,1.95,2.01,1.87,1.18,7.5,13,1.19,7.5,15,1.15,8,17.5,1.21,7.29,14.23,1.18,7.5,15,1.2,7,15,1.23,8.05,17.5,1.2,7.31,14.15,1.5,2.62,1.51,2.74,1.51,2.96,1.46,2.74,-1.75,1.82,1.97,1.92,2.02,1.92,2.17,1.82,2.07
E0,14/09/2019,15:00,Brighton,Burnley,1,1,D,0,0,D,M Oliver,14,7,5,1,13,7,3,6,0,2,0,0,2.15,3.3,3.5,2.15,3.3,3.5,2.1,3.35,3.55,2.17,3.35,3.75,2.15,3.3,3.6,2.15,3.4,3.6,2.2,3.42,3.8,2.15,3.34,3.62,2.1,1.72,2.12,1.81,2.2,1.81,2.09,1.76,-0.25,1.86,2.07,1.85,2.07,1.88,2.11,1.84,2.05,2.05,3.4,3.7,2.15,3.3,3.5,2.25,3.35,3.2,2.15,3.44,3.68,2.1,3.4,3.6,2.1,3.4,3.8,2.25,3.52,3.8,2.13,3.38,3.64,2.1,1.72,2.16,1.78,2.24,1.79,2.12,1.74,-0.25,1.85,2.08,1.85,2.08,1.88,2.12,1.83,2.07
E0,14/09/2019,15:00,Man United,Leicester,1,0,H,1,0,H,M Atkinson,10,9,5,3,14,14,3,9,1,2,0,0,1.95,3.5,4,1.87,3.7,4.1,1.8,3.6,4.5,1.99,3.53,4.17,1.95,3.5,4,1.95,3.6,4.1,2,3.8,4.5,1.94,3.55,4.12,1.9,1.9,1.9,2.02,1.91,2.07,1.85,1.98,-0.5,1.97,1.96,1.99,1.93,1.99,2.08,1.93,1.95,2.1,3.25,3.75,2.15,3.3,3.7,2,3.4,3.8,2.19,3.37,3.66,2.1,3.25,3.75,2.15,3.4,3.6,2.22,3.46,4,2.13,3.35,3.7,2,1.8,2.06,1.86,2.08,1.92,1.98,1.85,-0.25,1.86,2.07,1.88,2.05,1.9,2.15,1.84,2.05
E0,14/09/2019,15:00,Sheffield United,Southampton,0,1,A,0,0,D,L Mason,17,11,4,7,10,7,12,6,1,1,1,0,2.45,3.2,3,2.45,3.1,3.1,2.45,3.2,3.05,2.45,3.35,3.12,2.45,3.25,3,2.45,3.25,3.13,2.55,3.35,3.15,2.46,3.26,3.06,2.1,1.72,2.19,1.76,2.25,1.76,2.18,1.7,-0.25,2.11,1.82,2.1,1.83,2.13,1.84,2.09,1.81,2.4,3.3,3,2.55,3.1,2.95,2.4,3.2,3.1,2.44,3.3,3.18,2.45,3.2,3,2.55,3.2,3,2.55,3.38,3.2,2.48,3.25,3.04,2.2,1.66,2.3,1.69,2.35,1.75,2.22,1.68,-0.25,2.09,1.84,2.09,1.84,2.2,1.88,2.1,1.8
E0,14/09/2019,15:00,Tottenham,Crystal Palace,4,0,H,4,0,H,C Pawson,13,11,5,6,19,11,4,3,4,2,0,0,1.36,5.25,8,1.36,5,8.5,1.45,4.6,6.8,1.4,4.92,8.87,1.38,4.8,8.5,1.4,5,8.5,1.45,5.25,9,1.39,5,8.24,1.61,2.3,1.67,2.35,1.7,2.36,1.64,2.28,-1.25,1.93,2,1.95,1.98,1.95,2.04,1.89,1.99,1.36,5,8,1.36,5,8.5,1.45,4.6,6.8,1.44,4.91,7.61,1.4,4.8,8,1.45,4.75,7.5,1.45,5.2,8.5,1.41,4.94,7.7,1.57,2.37,1.63,2.41,1.65,2.47,1.61,2.33,-1.25,2.03,1.9,2.03,1.9,2.04,1.98,1.97,1.92
E0,14/09/2019,15:00,Wolves,Chelsea,2,5,A,0,3,A,G Scott,11,15,4,6,8,11,7,5,1,2,0,0,2.9,3.3,2.5,2.95,3.4,2.4,2.95,3.35,2.4,3.07,3.37,2.48,3,3.3,2.4,3,3.4,2.45,3.07,3.43,2.6,2.97,3.36,2.46,1.9,1.9,2.02,1.9,2.02,1.91,1.97,1.86,0.25,1.81,2.13,1.81,2.12,1.82,2.16,1.79,2.12,3,3.4,2.37,3,3.4,2.4,3,3.35,2.35,3.1,3.43,2.42,3,3.4,2.38,3.1,3.4,2.4,3.15,3.5,2.45,3.05,3.4,2.39,2,1.8,2.04,1.88,2.04,2.05,1.97,1.86,0.25,1.84,2.09,1.85,2.08,1.86,2.12,1.83,2.06
E0,14/09/2019,17:30,Norwich,Man City,3,2,H,2,1,H,K Friend,7,25,3,8,8,7,3,16,3,1,0,0,15,9,1.14,14.5,8.5,1.16,15,8.5,1.15,18.79,9.48,1.14,17,8.5,1.14,17,9,1.15,21,9.85,1.18,17.04,9.03,1.15,1.22,4.33,1.24,4.38,1.25,4.38,1.23,4.15,2.5,1.89,2.04,1.88,2.03,1.89,2.11,1.86,2.02,23,11,1.08,29,13,1.08,20,9,1.12,25.83,13.49,1.09,29,12,1.07,26,11.5,1.1,35,13.63,1.12,25.99,11.87,1.09,1.22,4.33,1.2,5.12,1.22,5.12,1.2,4.52,3,1.72,2.07,1.78,2.19,1.99,2.3,1.77,2.14
E0,15/09/2019,14:00,Bournemouth,Everton,3,1,H,1,1,D,P Tierney,13,14,6,5,5,14,7,7,0,4,0,0,2.9,3.5,2.4,3,3.5,2.3,2.95,3.5,2.3,3.05,3.53,2.41,3,3.4,2.35,3.1,3.5,2.4,3.1,3.55,2.5,3.01,3.48,2.37,1.72,2.1,1.77,2.17,1.8,2.17,1.75,2.1,0.25,1.86,2.07,1.85,2.08,1.87,2.09,1.84,2.05,3.2,3.5,2.2,3.3,3.4,2.2,3.2,3.4,2.25,3.37,3.57,2.23,3.5,3.4,2.15,3.3,3.6,2.2,3.76,3.65,2.3,3.32,3.51,2.21,1.8,2,1.82,2.11,1.85,2.33,1.77,2.08,0.25,2,1.93,2,1.94,2.14,1.97,1.98,1.91
E0,15/09/2019,16:30,Watford,Arsenal,2,2,D,0,2,A,A Taylor,31,10,7,4,14,4,7,1,3,3,0,0,3.6,3.6,2,3.8,3.8,1.91,3.9,3.7,1.9,3.66,3.74,2.06,3.6,3.7,2,3.6,3.75,2.05,3.9,3.9,2.08,3.64,3.74,2.01,1.57,2.37,1.57,2.56,1.61,2.56,1.57,2.41,0.5,1.89,2.04,1.87,2.06,1.91,2.08,1.87,2.02,4,3.9,1.85,4,3.8,1.9,3.9,3.7,1.9,4.22,3.92,1.88,4.2,3.8,1.83,4.2,3.9,1.87,4.32,4.05,1.91,4.08,3.88,1.87,1.53,2.5,1.52,2.69,1.6,2.72,1.52,2.55,0.5,2.06,1.87,2.05,1.88,2.08,1.92,2.03,1.86
E0,16/09/2019,20:00,Aston Villa,West Ham,0,0,D,0,0,D,M Dean,10,13,5,1,13,12,2,4,2,1,0,1,2.62,3.5,2.6,2.6,3.4,2.7,2.6,3.6,2.55,2.65,3.6,2.69,2.6,3.5,2.62,2.63,3.6,2.7,2.7,3.67,2.7,2.64,3.56,2.63,1.61,2.3,1.63,2.42,1.67,2.42,1.62,2.31,0,1.96,1.97,1.94,1.98,1.97,1.99,1.94,1.95,2.7,3.5,2.5,2.7,3.6,2.5,2.7,3.45,2.5,2.72,3.71,2.57,2.7,3.6,2.5,2.75,3.7,2.5,2.85,3.73,2.64,2.73,3.61,2.53,1.57,2.37,1.6,2.5,1.62,2.5,1.58,2.4,0,2.04,1.89,2.02,1.9,2.07,1.92,2.02,1.87
E0,20/09/2019,20:00,Southampton,Bournemouth,1,3,A,0,2,A,C Kavanagh,25,6,6,3,8,9,4,5,1,3,0,0,2.05,3.6,3.5,2,3.7,3.6,2.1,3.6,3.4,2.12,3.65,3.55,2.1,3.5,3.5,2.1,3.7,3.4,2.17,3.7,3.7,2.1,3.62,3.5,1.66,2.2,1.68,2.31,1.75,2.31,1.69,2.21,-0.25,1.8,2,1.84,2.09,1.87,2.11,1.83,2.06,2.15,3.5,3.3,2.15,3.6,3.25,2.2,3.55,3.15,2.17,3.6,3.46,2.2,3.5,3.25,2.3,3.5,3.13,2.3,3.7,3.5,2.18,3.56,3.34,1.66,2.2,1.65,2.37,1.69,2.45,1.65,2.26,-0.25,1.9,2.03,1.88,2.04,2,2.06,1.89,2
E0,21/09/2019,12:30,Leicester,Tottenham,2,1,H,0,1,A,P Tierney,16,11,7,4,16,13,8,2,1,2,0,0,2.87,3.5,2.37,2.95,3.4,2.4,2.85,3.45,2.4,2.92,3.53,2.5,2.8,3.5,2.45,2.9,3.5,2.45,2.95,3.6,2.55,2.87,3.5,2.45,1.8,2,1.82,2.11,1.85,2.11,1.79,2.04,0.25,1.8,2.14,1.79,2.16,1.82,2.16,1.79,2.11,2.62,3.4,2.6,2.75,3.4,2.6,2.65,3.4,2.6,2.72,3.51,2.69,2.7,3.4,2.62,2.7,3.5,2.6,3,3.51,2.72,2.71,3.44,2.63,1.8,2,1.78,2.16,1.85,2.25,1.8,2.04,0,1.97,1.96,1.98,1.96,2.13,1.98,1.97,1.92
E0,21/09/2019,15:00,Burnley,Norwich,2,0,H,2,0,H,D Coote,13,11,6,2,11,10,7,3,0,1,0,0,2,3.8,3.5,1.95,3.8,3.6,2,3.6,3.6,2.02,3.8,3.73,1.95,3.7,3.7,1.95,3.8,3.8,2.05,3.9,3.8,1.99,3.76,3.67,1.66,2.2,1.7,2.28,1.71,2.3,1.67,2.22,-0.5,2,1.93,2.02,1.9,2.02,1.94,1.99,1.89,2,3.75,3.5,2,3.7,3.7,2,3.6,3.6,2.02,3.88,3.67,2,3.7,3.6,2,3.75,3.7,2.07,3.9,3.7,2.02,3.73,3.62,1.66,2.2,1.68,2.31,1.7,2.37,1.66,2.25,-0.5,2.01,1.92,2.02,1.91,2.05,1.94,2.01,1.87
E0,21/09/2019,15:00,Everton,Sheffield United,0,2,A,0,1,A,S Hooper,16,2,3,1,9,9,12,3,1,3,0,0,1.61,3.75,6,1.65,3.8,5.5,1.67,3.75,5.3,1.69,3.8,5.76,1.65,3.7,5.8,1.67,3.8,5.75,1.71,4,6,1.67,3.8,5.58,2,1.8,2.08,1.84,2.08,1.86,2.03,1.81,-0.75,1.9,2.03,1.91,2.02,1.91,2.08,1.87,2.01,1.72,3.6,5,1.75,3.5,5.5,1.7,3.5,5.5,1.79,3.57,5.31,1.73,3.6,5.25,1.75,3.6,5.2,1.81,3.7,5.5,1.76,3.56,5.21,2,1.8,2.09,1.83,2.12,1.92,2.04,1.8,-0.75,2.05,1.88,2.05,1.88,2.06,2,2.01,1.88
E0,21/09/2019,15:00,Man City,Watford,8,0,H,5,0,H,M Dean,28,5,11,4,5,9,5,4,2,2,0,0,1.1,11,21,1.11,10.5,17.5,1.12,9,20,1.11,10.69,27.58,1.1,11,21,1.1,11,23,1.13,11.5,31,1.11,10.24,23.21,1.25,4,1.28,4.01,1.29,4.2,1.25,3.91,-2.5,1.98,1.95,1.97,1.95,1.99,1.98,1.95,1.94,1.08,11,23,1.11,10.5,23,1.12,9,20,1.11,11.33,25.74,1.1,11,19,1.09,11.5,29,1.13,12.5,29,1.1,10.72,24.55,1.25,4,1.28,4.01,1.28,4.33,1.25,3.99,-2.5,1.9,2.03,1.93,1.99,1.93,2.16,1.88,2
E0,21/09/2019,17:30,Newcastle,Brighton,0,0,D,0,0,D,M Atkinson,11,16,4,3,12,8,5,3,2,1,0,0,2.5,3.2,3,2.45,3.2,3,2.5,3.1,3.05,2.55,3.15,3.16,2.45,3.2,3,2.5,3.13,3.13,2.55,3.28,3.2,2.5,3.16,3.07,2.3,1.61,2.4,1.64,2.41,1.67,2.35,1.61,-0.25,2.05,1.75,2.16,1.79,2.16,1.82,2.12,1.78,2.37,3.2,3.1,2.4,3.2,3.2,2.4,3.15,3.15,2.42,3.24,3.3,2.35,3.2,3.2,2.4,3.13,3.3,2.5,3.3,3.4,2.4,3.2,3.23,2.3,1.61,2.39,1.65,2.41,1.67,2.33,1.62,-0.25,2.04,1.89,2.06,1.87,2.11,1.91,2.03,1.86
E0,22/09/2019,14:00,Crystal Palace,Wolves,1,1,D,0,0,D,S Attwell,13,14,4,4,7,10,6,7,2,1,0,1,2.62,3.1,2.87,2.65,3,2.95,2.6,3.1,2.9,2.68,3.15,2.98,2.62,3.1,2.88,2.7,3.13,2.9,2.7,3.2,3,2.64,3.11,2.93,2.37,1.57,2.43,1.63,2.45,1.63,2.37,1.59,0,1.87,2.06,1.85,2.07,1.88,2.07,1.84,2.05,2.7,3.1,2.8,2.75,3.1,2.85,2.65,3.1,2.85,2.9,3.1,2.81,2.75,3.1,2.75,2.8,3.13,2.75,2.95,3.2,2.95,2.75,3.11,2.83,2.37,1.57,2.39,1.64,2.4,1.67,2.33,1.62,0,1.99,1.94,2,1.93,2.02,2.05,1.94,1.94
E0,22/09/2019,14:00,West Ham,Man United,2,0,H,1,0,H,A Taylor,8,9,6,3,8,9,3,7,2,2,0,0,3.1,3.6,2.2,3.25,3.6,2.15,3.4,3.5,2.1,3.33,3.56,2.24,3.2,3.6,2.2,3.2,3.7,2.25,3.45,3.72,2.28,3.24,3.59,2.21,1.66,2.2,1.76,2.19,1.76,2.31,1.69,2.2,0.25,1.96,1.97,1.98,1.94,2.02,1.98,1.96,1.93,3,3.5,2.3,3.2,3.5,2.25,3.15,3.3,2.3,3.07,3.45,2.45,3,3.5,2.3,3,3.5,2.38,3.2,3.68,2.45,3.08,3.48,2.34,1.8,2,1.85,2.06,1.87,2.26,1.78,2.06,0.25,1.84,2.09,1.83,2.1,1.91,2.12,1.85,2.05
E0,22/09/2019,16:30,Arsenal,Aston Villa,3,2,H,0,1,A,J Moss,21,14,6,9,13,15,9,4,5,1,1,0,1.4,4.75,8,1.4,5,7.25,1.4,4.8,7.5,1.43,4.86,8.01,1.4,4.75,8,1.44,5,7.5,1.45,5.05,8.25,1.42,4.9,7.49,1.44,2.75,1.47,2.88,1.48,2.88,1.45,2.77,-1.25,1.95,1.98,1.96,1.97,1.96,2.05,1.9,1.98,1.4,5,7,1.4,5.25,7.25,1.4,4.8,7.5,1.42,5.23,7.59,1.4,5,7.5,1.44,5,7,1.45,5.35,8,1.42,5.07,7.23,1.4,3,1.43,3.03,1.45,3.22,1.41,2.95,-1.25,1.97,1.96,1.94,2,1.99,2.05,1.91,1.99
E0,22/09/2019,16:30,Chelsea,Liverpool,1,2,A,0,2,A,M Oliver,13,6,2,3,8,13,6,4,3,3,0,0,3.5,3.75,2,3.6,3.7,2,3.4,3.5,2.1,3.66,3.66,2.08,3.6,3.7,2,3.6,3.8,2.05,3.75,3.83,2.1,3.58,3.69,2.04,1.57,2.37,1.63,2.43,1.63,2.45,1.59,2.37,0.5,1.87,2.06,1.85,2.08,1.88,2.08,1.85,2.04,3.2,3.75,2.1,3.2,3.75,2.15,3.2,3.5,2.2,3.24,3.64,2.27,3.25,3.7,2.1,3.2,3.8,2.15,3.44,3.84,2.27,3.25,3.7,2.17,1.53,2.5,1.58,2.54,1.6,2.72,1.54,2.49,0.25,2.01,1.92,1.96,1.98,2.17,1.98,1.99,1.9
E0,28/09/2019,12:30,Sheffield United,Liverpool,0,1,A,0,0,D,A Taylor,12,16,2,4,8,4,6,5,1,1,0,0,9,5.25,1.33,9.5,5.25,1.33,8.1,5.1,1.36,9.4,5.22,1.36,9,5,1.35,9,5.2,1.36,10,5.4,1.39,8.9,5.17,1.36,1.61,2.3,1.66,2.35,1.67,2.4,1.62,2.32,1.5,1.72,2.07,1.79,2.14,1.89,2.15,1.82,2.06,9,5.25,1.33,8.5,5,1.36,8,5.3,1.35,9.44,5.53,1.34,8.5,5.25,1.35,9,5.2,1.36,10,5.65,1.4,8.92,5.33,1.35,1.61,2.3,1.65,2.37,1.66,2.5,1.62,2.32,1.5,1.75,2.05,1.81,2.13,1.92,2.14,1.82,2.06
E0,28/09/2019,15:00,Aston Villa,Burnley,2,2,D,1,0,H,L Mason,16,10,3,3,10,16,7,3,1,4,0,0,2.3,3.4,3.1,2.35,3.3,3.1,2.35,3.35,3,2.39,3.45,3.15,2.35,3.3,3.1,2.4,3.4,3,2.45,3.47,3.18,2.38,3.38,3.08,1.9,1.9,1.92,2,1.96,2,1.91,1.92,-0.25,2.07,1.86,2.06,1.87,2.11,1.87,2.05,1.84,2.25,3.4,3.2,2.3,3.3,3.2,2.2,3.45,3.25,2.36,3.44,3.19,2.3,3.3,3.2,2.3,3.5,3.13,2.4,3.55,3.26,2.31,3.41,3.19,1.9,1.9,1.93,2,1.95,2.05,1.88,1.95,-0.25,2.04,1.89,2.04,1.89,2.05,1.92,2.01,1.89
E0,28/09/2019,15:00,Bournemouth,West Ham,2,2,D,1,1,D,S Attwell,13,17,5,6,7,8,6,6,3,1,0,0,2.5,3.5,2.75,2.5,3.6,2.7,2.4,3.6,2.75,2.49,3.62,2.86,2.45,3.5,2.8,2.45,3.6,2.8,2.58,3.65,2.9,2.48,3.56,2.79,1.57,2.37,1.57,2.55,1.61,2.55,1.57,2.41,-0.25,2.07,1.72,2.16,1.79,2.2,1.8,2.14,1.77,2.37,3.6,2.8,2.4,3.6,2.8,2.35,3.6,2.9,2.41,3.65,2.96,2.35,3.6,2.88,2.4,3.6,2.9,2.45,3.7,3,2.39,3.61,2.89,1.53,2.5,1.54,2.64,1.56,2.65,1.52,2.54,-0.25,2.1,1.83,2.1,1.83,2.13,1.86,2.08,1.82
E0,28/09/2019,15:00,Chelsea,Brighton,2,0,H,0,0,D,C Kavanagh,24,8,10,1,5,13,5,2,2,3,0,0,1.4,4.75,8,1.42,4.6,7.75,1.45,4.65,6.8,1.44,4.65,8.41,1.42,4.5,8,1.44,4.6,7.5,1.47,4.8,8.5,1.44,4.64,7.64,1.66,2.2,1.68,2.33,1.69,2.36,1.65,2.27,-1.25,2.03,1.9,2.04,1.89,2.04,1.95,1.99,1.9,1.4,4.75,7.5,1.44,4.6,7.5,1.42,4.85,7.1,1.45,4.64,8.06,1.42,4.5,8,1.44,4.75,7.5,1.46,5,8.5,1.43,4.74,7.74,1.61,2.3,1.66,2.36,1.67,2.47,1.64,2.29,-1.25,2.03,1.9,2.06,1.87,2.07,2.01,1.99,1.9
E0,28/09/2019,15:00,Crystal Palace,Norwich,2,0,H,1,0,H,J Moss,15,10,3,3,14,10,5,5,3,1,0,0,1.9,3.75,3.75,1.95,3.6,3.8,1.9,3.75,3.85,1.97,3.78,3.96,1.91,3.7,3.9,1.9,3.8,4,2,3.85,4,1.94,3.75,3.88,1.72,2.1,1.76,2.19,1.8,2.23,1.72,2.14,-0.5,1.93,2,1.97,1.96,1.97,2.01,1.93,1.95,1.9,3.75,3.75,1.91,3.75,3.8,1.93,3.75,3.8,1.91,3.89,4.09,1.91,3.7,3.9,1.87,3.8,4.1,1.96,3.91,4.12,1.91,3.8,3.95,1.72,2.1,1.71,2.26,1.82,2.26,1.7,2.18,-0.5,1.9,2.03,1.91,2.02,1.95,2.05,1.91,1.98
E0,28/09/2019,15:00,Tottenham,Southampton,2,1,H,2,1,H,G Scott,9,14,4,6,5,16,6,6,0,2,1,0,1.4,4.75,8,1.42,4.6,7.5,1.45,4.7,6.7,1.44,4.69,8.18,1.42,4.5,8,1.44,4.75,7.5,1.49,4.8,8.18,1.44,4.67,7.61,1.57,2.37,1.63,2.42,1.64,2.42,1.61,2.35,-1.25,2.02,1.91,2.02,1.9,2.03,1.95,1.98,1.9,1.36,5.25,7.5,1.4,5,7.5,1.47,4.3,7,1.38,5.23,8.73,1.38,4.8,8.5,1.36,5.25,9,1.47,5.4,10.25,1.39,5.07,8.29,1.53,2.5,1.6,2.48,1.6,2.58,1.56,2.45,-1.25,1.8,2.14,1.82,2.11,1.87,2.25,1.81,2.09
E0,28/09/2019,15:00,Wolves,Watford,2,0,H,1,0,H,P Tierney,6,14,2,5,5,6,1,6,0,1,0,0,1.85,3.4,4.5,1.87,3.5,4.33,1.87,3.4,4.5,1.9,3.5,4.69,1.85,3.5,4.5,1.87,3.5,4.5,1.95,3.6,4.7,1.89,3.49,4.46,1.9,1.9,2,1.92,2.1,1.92,1.99,1.84,-0.5,1.9,2.03,1.9,2.03,1.93,2.03,1.88,2,1.9,3.4,4.2,1.91,3.4,4.33,1.87,3.45,4.25,1.96,3.52,4.34,1.91,3.4,4.33,1.91,3.5,4.3,1.99,3.6,4.6,1.93,3.45,4.29,1.9,1.9,2.01,1.91,2.05,2.05,1.96,1.87,-0.5,1.95,1.98,1.96,1.97,1.98,2,1.93,1.95
E0,28/09/2019,17:30,Everton,Man City,1,3,A,1,1,D,M Oliver,12,20,8,9,4,8,5,2,2,2,0,0,10,5.5,1.3,9.75,6,1.28,9.6,5.5,1.3,10.21,6.03,1.3,10,5.8,1.29,11,5.75,1.29,11,6.35,1.33,9.84,5.86,1.3,1.5,2.62,1.5,2.76,1.5,2.8,1.47,2.69,1.5,2.03,1.9,2.02,1.91,2.06,1.91,2.02,1.87,8,5.5,1.33,8.5,5.5,1.33,9.6,5.5,1.3,8.9,5.51,1.36,11,5.5,1.29,9,5.25,1.36,11,6,1.4,8.67,5.55,1.35,1.57,2.37,1.6,2.49,1.63,2.7,1.57,2.43,1.5,1.72,2.07,1.81,2.14,1.96,2.17,1.83,2.05
E0,29/09/2019,16:30,Leicester,Newcastle,5,0,H,1,0,H,C Pawson,13,3,5,0,12,9,9,0,1,1,0,1,1.5,4,7.5,1.53,4,6.75,1.53,4,6.7,1.53,4.21,7.27,1.5,4,7.5,1.53,4,7,1.56,4.21,7.6,1.53,4.09,7.06,2,1.8,2.14,1.79,2.15,1.82,2.08,1.77,-1,1.98,1.95,1.96,1.97,1.99,1.99,1.93,1.95,1.5,4,7,1.53,4.1,7,1.55,4,6.5,1.52,4.33,7.04,1.52,4,7,1.53,4.2,7,1.57,4.44,7.75,1.53,4.18,6.92,1.9,1.9,1.9,2.02,2,2.05,1.89,1.94,-1,1.93,2,1.93,2,1.95,2.03,1.9,1.98
E0,30/09/2019,20:00,Man United,Arsenal,1,1,D,1,0,H,K Friend,16,10,4,5,18,13,8,7,4,2,0,0,2.37,3.5,2.9,2.35,3.4,3,2.35,3.6,2.9,2.41,3.56,3.03,2.35,3.5,3,2.38,3.6,2.9,2.43,3.65,3.15,2.36,3.53,2.99,1.61,2.3,1.67,2.34,1.68,2.39,1.63,2.28,-0.25,2.07,1.86,2.08,1.85,2.08,1.87,2.05,1.84,2.2,3.6,3.1,2.2,3.5,3.2,2.2,3.4,3.3,2.26,3.57,3.29,2.2,3.5,3.2,2.2,3.6,3.2,2.35,3.68,3.35,2.24,3.55,3.21,1.61,2.3,1.68,2.31,1.7,2.47,1.65,2.27,-0.25,1.96,1.97,1.97,1.97,1.99,1.99,1.94,1.95
E0,05/10/2019,12:30,Brighton,Tottenham,3,0,H,2,0,H,J Moss,17,8,6,3,11,7,4,4,2,1,0,0,3.9,3.6,1.9,3.8,3.6,1.95,3.8,3.6,1.95,3.97,3.67,2,3.9,3.6,1.95,3.9,3.7,1.95,4.1,3.75,2.02,3.9,3.63,1.96,1.72,2.1,1.76,2.18,1.85,2.18,1.76,2.09,0.5,1.95,1.98,1.93,2,1.95,2,1.93,1.96,4.75,3.9,1.7,5.5,4,1.65,4.8,3.7,1.75,5.15,3.89,1.74,5.25,3.8,1.67,5,4,1.7,5.65,4.05,1.83,4.92,3.91,1.73,1.72,2.1,1.78,2.15,1.78,2.26,1.72,2.14,0.75,1.98,1.95,1.98,1.95,2.11,1.98,1.97,1.92
E0,05/10/2019,15:00,Burnley,Everton,1,0,H,0,0,D,G Scott,9,11,3,2,5,12,7,9,2,1,0,1,2.87,3.3,2.5,2.85,3.25,2.55,2.9,3.25,2.5,3.01,3.36,2.52,2.9,3.25,2.5,2.9,3.3,2.55,3.05,3.37,2.65,2.93,3.3,2.52,2.1,1.72,2.14,1.79,2.2,1.79,2.12,1.74,0.25,1.7,2.1,1.79,2.16,1.79,2.21,1.76,2.15,3.2,3.1,2.37,3.2,3.2,2.4,3.05,3.2,2.4,3.22,3.35,2.39,3.2,3.2,2.35,3.13,3.3,2.4,3.3,3.37,2.5,3.19,3.24,2.4,2,1.8,2.1,1.82,2.15,1.85,2.06,1.78,0.25,1.86,2.07,1.87,2.05,1.88,2.09,1.84,2.05
E0,05/10/2019,15:00,Liverpool,Leicester,2,1,H,1,0,H,C Kavanagh,18,2,8,1,9,17,4,6,1,4,0,0,1.44,4.75,7,1.45,4.6,7,1.47,4.6,6.5,1.47,4.77,7.18,1.44,4.6,7.5,1.45,4.75,7,1.5,4.85,7.7,1.46,4.66,7,1.57,2.37,1.63,2.41,1.65,2.45,1.61,2.34,-1.25,2.07,1.86,2.08,1.85,2.08,1.89,2.03,1.85,1.57,4.2,5.5,1.57,4.33,5.75,1.5,4.5,6.1,1.59,4.42,5.76,1.55,4.33,5.8,1.57,4.4,5.75,1.63,4.55,6.5,1.58,4.36,5.65,1.57,2.37,1.61,2.47,1.66,2.51,1.59,2.38,-1,2.03,1.9,2.03,1.89,2.05,1.95,1.98,1.9
E0,05/10/2019,15:00,Norwich,Aston Villa,1,5,A,0,2,A,A Madley,21,22,5,12,14,17,10,6,1,3,0,0,2.37,3.6,2.8,2.3,3.6,2.95,2.35,3.65,2.8,2.46,3.61,2.91,2.4,3.6,2.8,2.4,3.7,2.8,2.5,3.75,2.95,2.41,3.6,2.85,1.57,2.37,1.61,2.48,1.63,2.52,1.57,2.43,-0.25,2.07,1.72,2.13,1.81,2.15,1.82,2.11,1.79,2.37,3.6,2.8,2.4,3.6,2.9,2.35,3.6,2.85,2.46,3.62,2.9,2.4,3.6,2.8,2.38,3.7,2.88,2.5,3.75,2.93,2.42,3.6,2.86,1.53,2.5,1.55,2.61,1.61,2.64,1.56,2.45,-0.25,2.13,1.81,2.14,1.8,2.16,1.84,2.11,1.8
E0,05/10/2019,15:00,Watford,Sheffield United,0,0,D,0,0,D,A Marriner,8,9,2,3,7,6,7,7,0,2,0,0,2.05,3.4,3.6,2.2,3.3,3.4,2.1,3.4,3.5,2.14,3.43,3.73,2.1,3.4,3.6,2.15,3.4,3.6,2.25,3.5,3.75,2.14,3.38,3.58,2,1.8,2.04,1.88,2.1,1.89,2,1.84,-0.25,1.86,2.07,1.84,2.09,1.9,2.09,1.84,2.05,2.3,3.2,3.25,2.35,3.3,3.2,2.2,3.4,3.3,2.38,3.27,3.32,2.35,3.2,3.2,2.38,3.25,3.2,2.44,3.4,3.4,2.35,3.28,3.23,2.1,1.72,2.2,1.75,2.2,1.85,2.08,1.77,-0.25,2.05,1.88,2.04,1.89,2.07,1.95,2.03,1.87
E0,05/10/2019,17:30,West Ham,Crystal Palace,1,2,A,0,0,D,M Oliver,9,7,4,4,11,7,2,2,3,2,0,0,1.95,3.6,3.8,2,3.5,3.75,2,3.55,3.7,2.02,3.65,3.92,1.95,3.6,3.8,2,3.6,3.8,2.05,3.7,4,2,3.58,3.8,1.8,2,1.85,2.07,1.9,2.09,1.83,2,-0.5,2.02,1.91,2.02,1.91,2.03,1.92,2.01,1.88,1.95,3.6,3.75,2,3.6,3.8,2.05,3.5,3.6,2.02,3.75,3.85,2,3.6,3.75,2,3.7,3.7,2.05,3.8,3.88,2,3.65,3.76,1.72,2.1,1.74,2.22,1.8,2.26,1.72,2.15,-0.5,2.02,1.91,2.02,1.92,2.05,1.95,2,1.89
E0,06/10/2019,14:00,Arsenal,Bournemouth,1,0,H,1,0,H,M Atkinson,12,10,2,2,12,6,14,5,1,2,0,0,1.44,4.75,7,1.42,5,6.75,1.46,5,6,1.44,5.08,7.13,1.44,4.8,7,1.44,5,6.25,1.5,5.2,7.2,1.45,4.97,6.68,1.33,3.4,1.36,3.41,1.4,3.41,1.35,3.2,-1.25,1.97,1.96,1.94,1.98,1.99,2.02,1.93,1.96,1.36,5.5,7,1.36,5.75,7.5,1.4,4.8,7.6,1.37,5.83,7.87,1.33,5.8,8,1.36,5.75,8,1.4,6,8.4,1.36,5.72,7.57,1.28,3.75,1.3,3.83,1.33,4.02,1.29,3.65,-1.5,1.91,2.02,1.93,2.01,2.05,2.13,1.92,1.97
E0,06/10/2019,14:00,Man City,Wolves,0,2,A,0,0,D,C Pawson,18,7,2,2,11,14,9,1,5,2,0,0,1.12,9,21,1.13,9,19.5,1.13,9,18,1.13,9.61,23.95,1.11,9,26,1.11,9.5,22,1.14,10.5,28,1.13,9.26,21.61,1.36,3.2,1.4,3.16,1.41,3.2,1.38,3.08,-2.25,1.93,2,1.93,1.98,1.94,2.04,1.9,1.99,1.12,8.5,21,1.15,8.5,20,1.15,7.6,18.5,1.14,8.98,21.94,1.12,9,21,1.13,9,22,1.17,10,24,1.14,8.99,20.26,1.36,3.2,1.4,3.14,1.41,3.44,1.38,3.06,-2.25,2.04,1.89,2.04,1.88,2.06,2.04,1.99,1.9
E0,06/10/2019,14:00,Southampton,Chelsea,1,4,A,1,3,A,P Tierney,10,13,3,7,8,15,3,4,0,1,0,0,4,3.8,1.85,4,3.75,1.87,3.95,3.8,1.87,4.09,3.97,1.88,4,3.8,1.85,4.1,3.75,1.85,4.3,4,1.93,4.02,3.84,1.87,1.72,2.1,1.71,2.25,1.75,2.25,1.7,2.18,0.5,2.04,1.89,2.04,1.88,2.05,1.93,2.01,1.87,4.6,4.2,1.66,4.5,4.2,1.72,4.4,3.9,1.75,4.75,4.29,1.71,4.8,4.2,1.65,4.8,4.2,1.7,5.2,4.5,1.75,4.66,4.2,1.71,1.53,2.5,1.55,2.61,1.65,2.61,1.57,2.44,1,1.7,2.1,1.74,2.25,1.87,2.28,1.72,2.21
E0,06/10/2019,16:30,Newcastle,Man United,1,0,H,0,0,D,M Dean,12,12,2,3,12,10,4,6,3,3,0,0,4.5,3.5,1.85,4.5,3.4,1.87,4.35,3.4,1.9,4.51,3.51,1.93,4.4,3.4,1.88,4.4,3.4,1.9,4.6,3.55,1.95,4.42,3.44,1.9,2.2,1.66,2.23,1.73,2.23,1.76,2.16,1.71,0.5,2,1.93,2,1.93,2.02,1.95,1.98,1.9,3.8,3.25,2.05,4,3.3,2.05,3.9,3.3,2.05,3.92,3.37,2.12,3.9,3.25,2.05,3.8,3.3,2.1,4.18,3.45,2.14,3.9,3.31,2.08,2.1,1.72,2.2,1.75,2.21,1.8,2.15,1.72,0.25,2.07,1.72,2.13,1.81,2.26,1.83,2.13,1.78
